Date,Open,High,Low,Close,AdjClose,Volume
25-02-2013,399.652008,402.695587,393.769043,393.908539,393.908539,4625071
26-02-2013,396.015625,396.488861,390.735443,393.589722,393.589722,4421511
27-02-2013,395.916016,400.872437,394.077911,398.396698,398.396698,4067389
28-02-2013,399.05426,401.988251,399.019379,399.104065,399.104065,4548586
01-03-2013,397.4104,402.062958,396.588501,401.589752,401.589752,4367108
04-03-2013,401.146393,409.883667,400.996979,409.216156,409.216156,5572007
05-03-2013,412.917297,418.506348,412.902344,417.734222,417.734222,8118517
06-03-2013,418.944702,420.424133,412.857513,414.137695,414.137695,5767537
07-03-2013,415.472717,416.747925,413.241058,414.745422,414.745422,4120788
08-03-2013,415.691895,415.901093,410.984528,414.207458,414.207458,5845629
11-03-2013,414.292145,418.282166,414.197479,415.851288,415.851288,3201355
12-03-2013,413.803955,414.391754,410.297119,412.259735,412.259735,4031655
13-03-2013,412.404205,413.794006,409.619659,411.114044,411.114044,3294904
14-03-2013,411.950897,411.950897,407.168823,409.236084,409.236084,3314778
15-03-2013,407.721771,408.618408,405.151398,405.629608,405.629608,6222637
18-03-2013,400.996979,404.862488,399.238556,402.386749,402.386749,3690381
19-03-2013,404.105316,408.095367,401.719269,404.145172,404.145172,4212129
20-03-2013,406.889862,407.228607,404.204956,405.833832,405.833832,2938573
21-03-2013,404.130219,406.934723,403.412903,404.115265,404.115265,2966277
22-03-2013,405.848785,406.097839,403.308289,403.642059,403.642059,2987556
25-03-2013,404.688141,408.085388,401.903564,403.308289,403.308289,3436834
26-03-2013,405.231079,405.480164,402.386749,404.693115,404.693115,2392735
27-03-2013,401.833832,401.993225,399.168823,399.831329,399.831329,4342616
28-03-2013,400.493866,401.181274,395.168823,395.612152,395.612152,4592750
01-04-2013,396.02063,399.627106,395.14389,399.099091,399.099091,3628148
02-04-2013,400.767822,405.893616,400.49884,405.001953,405.001953,4098304
03-04-2013,405.211182,405.579773,398.840057,401.594727,401.594727,3490033
04-04-2013,400.623352,401.370575,394.172546,396.050507,396.050507,4913548
05-04-2013,391.562317,392.025604,386.750366,390.062958,390.062958,6893542
08-04-2013,387.92099,388.319489,382.765289,385.978271,385.978271,5685431
09-04-2013,386.302032,390.411652,385.111511,387.373016,387.373016,4330772
10-04-2013,389.998199,394.695587,386.551117,393.614624,393.614624,3972033
11-04-2013,394.959595,395.069183,390.566071,393.719238,393.719238,4072608
12-04-2013,394.516266,394.571045,390.003174,393.549866,393.549866,3285670
15-04-2013,391.507538,397.011902,387.059204,389.505035,389.505035,4924590
16-04-2013,391.826324,396.513763,390.496338,395.203674,395.203674,3497059
17-04-2013,391.906036,393.94339,387.597198,389.818878,389.818878,4089270
18-04-2013,391.208649,391.4328,379.208618,381.524963,381.524963,6669907
19-04-2013,383.14389,400.219879,381.69931,398.441528,398.441528,11649904
22-04-2013,398.805176,400.478912,386.052979,398.561096,398.561096,5788415
23-04-2013,399.004425,406.227356,398.685638,402.441559,402.441559,4601784
24-04-2013,402.546173,407.472687,402.491364,405.206177,405.206177,3671912
25-04-2013,406.600952,406.710541,402.307068,403.039307,403.039307,3999335
26-04-2013,402.292114,402.361847,396.802673,399.213654,399.213654,4994049
29-04-2013,400.125244,409.813904,400.000702,408.000702,408.000702,4618848
30-04-2013,407.970825,412.274689,407.313293,410.745422,410.745422,4630692
01-05-2013,410.092865,410.82016,406.655762,408.683167,408.683167,2920907
02-05-2013,408.518768,415.716797,407.995728,413.256012,413.256012,4051730
03-05-2013,416.917297,421.818909,416.439087,421.280945,421.280945,5044036
06-05-2013,422.546204,429.315826,422.546204,429.166382,429.166382,4298652
07-05-2013,429.893646,430.322052,423.746704,427.014435,427.014435,3932686
08-05-2013,426.899872,435.30835,424.862518,435.183838,435.183838,4955104
09-05-2013,433.794037,438.187561,432.493896,434.112854,434.112854,4417697
10-05-2013,436.020691,438.625916,434.451569,438.471497,438.471497,3809626
13-05-2013,437.804016,439.587311,435.059296,437.126556,437.126556,2907859
14-05-2013,437.111603,442.685699,436.932281,441.893677,441.893677,3170439
15-05-2013,446.078003,456.479004,445.340759,456.234924,456.234924,8001680
16-05-2013,457.784119,458.272278,449.320831,450.247375,450.247375,6443261
17-05-2013,453.310883,455.039398,448.578613,452.892456,452.892456,5604930
20-05-2013,450.810242,458.581116,450.810242,452.568665,452.568665,4562437
21-05-2013,452.314606,454.127808,447.129059,451.791565,451.791565,3980866
22-05-2013,449.594818,452.957214,441.784088,443.049347,443.049347,5140396
23-05-2013,436.862518,443.318329,435.368134,439.746735,439.746735,4567255
24-05-2013,435.995789,437.769135,433.878723,435.029388,435.029388,4610818
28-05-2013,440.100403,444.404266,438.556183,438.989563,438.989563,4531923
29-05-2013,436.21994,437.355682,430.53125,432.533752,432.533752,4041893
30-05-2013,433.335754,437.80899,431.587311,433.754181,433.754181,4257298
31-05-2013,432.439117,436.862518,432.140228,433.983337,433.983337,3953564
03-06-2013,434.869995,435.35318,425.913574,432.195038,432.195038,4969959
04-06-2013,432.304626,433.669495,425.440338,427.945953,427.945953,3751208
05-06-2013,429.644592,433.101624,426.96463,428.244843,428.244843,4229394
06-06-2013,430.536255,431.547455,422.028137,430.705597,430.705597,5177534
07-06-2013,433.584808,438.356934,431.044342,438.222443,438.222443,5369250
10-06-2013,439.403015,443.836395,438.401764,443.447845,443.447845,4693125
11-06-2013,440.334503,441.843872,438.117828,438.262299,438.262299,3528376
12-06-2013,441.076721,441.345734,433.201263,434.361908,434.361908,4426128
13-06-2013,432.867493,438.187561,431.134003,436.862518,436.862518,4155317
14-06-2013,438.406738,440.698151,435.432892,435.8862,435.8862,4506830
17-06-2013,437.973358,443.054321,437.500153,441.470276,441.470276,4308690
18-06-2013,442.665771,448.817719,442.516327,448.628418,448.628418,4350044
19-06-2013,449.002045,453.71936,447.074249,448.658325,448.658325,5853659
20-06-2013,445.325806,448.817719,440.005737,440.718079,440.718079,6769278
21-06-2013,442.511353,443.278473,434.904877,438.82019,438.82019,7994453
24-06-2013,434.312103,436.523804,430.013214,433.270996,433.270996,6056416
25-06-2013,436.992035,438.19754,430.640839,431.482697,431.482697,5125540
26-06-2013,435.243591,437.360657,433.659546,435.193787,435.193787,3676529
27-06-2013,437.759186,440.693176,436.688171,436.8974,436.8974,3867442
28-06-2013,435.816467,439.273499,435.462769,438.541229,438.541229,4716212
01-07-2013,441.569885,444.37439,440.847595,442.282227,442.282227,3462530
02-07-2013,443.437897,443.836395,436.99704,439.507629,439.507629,3797180
03-07-2013,438.307129,442.924805,437.609741,441.559937,441.559937,2101849
05-07-2013,443.343231,446.033173,442.013214,445.076752,445.076752,3416558
08-07-2013,447.926056,451.442871,446.865051,450.855072,450.855072,3953764
09-07-2013,453.799042,454.770416,447.313354,450.92981,450.92981,3973639
10-07-2013,450.038147,453.868774,448.508881,451.303406,451.303406,3429607
11-07-2013,454.795319,458.68573,452.56369,458.401794,458.401794,5187772
12-07-2013,458.282257,459.776642,455.911133,459.776642,459.776642,5155652
15-07-2013,460.424225,462.267303,456.469055,460.6185,460.6185,3935697
16-07-2013,461.833923,462.25235,455.243622,458.087982,458.087982,3980866
17-07-2013,458.780365,461.699432,456.439148,457.559967,457.559967,3023490
18-07-2013,457.779144,458.282257,449.90863,453.639648,453.639648,7296246
19-07-2013,441.649597,449.789093,436.170135,446.625946,446.625946,14773769
22-07-2013,449.315857,454.63092,446.825195,453.649597,453.649597,5828164
23-07-2013,453.649597,454.795319,448.105377,450.212494,450.212494,4106736
24-07-2013,451.936035,453.450348,448.668274,449.76416,449.76416,4172581
25-07-2013,445.266022,446.750458,441.38559,442.192566,442.192566,6024698
26-07-2013,441.838867,443.333282,439.35321,441.021942,441.021942,3568727
29-07-2013,440.797791,445.739258,438.800262,439.487701,439.487701,3797983
30-07-2013,441.076721,446.132782,438.790314,443.796539,443.796539,3524361
31-07-2013,444.827667,446.581116,441.435394,442.217468,442.217468,4363294
01-08-2013,445.828918,450.58609,445.828918,450.421722,450.421722,4292830
02-08-2013,450.033173,451.806519,448.728058,451.592316,451.592316,3440648
05-08-2013,451.004517,451.069275,447.921082,450.810242,450.810242,2629218
06-08-2013,450.655823,453.156464,446.192566,446.610992,446.610992,3023490
07-08-2013,445.848846,447.547485,442.884949,443.662048,443.662048,2768739
08-08-2013,446.072998,446.247345,440.992065,444.6633,444.6633,2987155
09-08-2013,443.617218,446.087952,443.338257,443.54248,443.54248,2657323
12-08-2013,441.794037,441.843872,439.178864,441.101654,441.101654,2764323
13-08-2013,441.759186,442.591064,436.46402,438.979584,438.979584,2850244
14-08-2013,437.544983,438.471497,431.960907,433.280945,433.280945,4180009
15-08-2013,430.605988,430.845093,427.39801,428.224915,428.224915,3752412
16-08-2013,429.031891,429.609711,426.670746,426.855042,426.855042,3362757
19-08-2013,427.25354,434.371857,427.124023,431.20871,431.20871,3635375
20-08-2013,432.55368,434.426666,430.157654,431.094147,431.094147,2475243
21-08-2013,433.699402,436.817688,431.632141,433.04184,433.04184,3527774
22-08-2013,434.720551,435.74173,433.500122,435.223663,435.223663,1746321
23-08-2013,437.27597,437.360657,433.251068,433.480225,433.480225,2162274
26-08-2013,433.37561,435.816467,431.40799,431.577332,431.577332,2112890
27-08-2013,428.204987,430.252319,422.366852,423.487671,423.487671,3481200
28-08-2013,423.537476,426.107849,422.302094,422.690643,422.690643,2669770
29-08-2013,422.949677,428.583557,422.710571,426.117798,426.117798,2968084
30-08-2013,426.282196,427.417938,421.201233,421.868744,421.868744,3737155
03-09-2013,425.584808,431.477722,425.380554,428.583557,428.583557,4110550
04-09-2013,428.568634,435.11908,425.988281,434.187561,434.187561,4097702
05-09-2013,435.11908,438.29715,434.177582,438.137756,438.137756,2592280
06-09-2013,439.572388,440.239868,435.238617,438.147705,438.147705,3134907
09-09-2013,440.214966,443.213715,439.562408,442.366913,442.366913,2478455
10-09-2013,443.348236,444.334534,440.349457,442.675751,442.675751,2584852
11-09-2013,442.610992,446.810242,441.38559,446.421692,446.421692,3233274
12-09-2013,447.024445,447.273499,443.343231,444.862549,444.862549,2199212
13-09-2013,445.579865,446.167664,440.767883,442.875,442.875,2660736
16-09-2013,446.426697,446.825195,440.782837,442.222443,442.222443,2683019
17-09-2013,442.048096,442.536255,438.855072,441.400513,441.400513,2528241
18-09-2013,441.520081,450.29718,439.8862,449.973389,449.973389,3883903
19-09-2013,451.303406,451.303406,446.028168,447.517609,447.517609,3207779
20-09-2013,447.517609,450.376892,446.137756,449.868774,449.868774,8723175
23-09-2013,446.401764,449.111633,440.947235,441.594788,441.594788,3568124
24-09-2013,441.594788,443.388062,439.054321,441.76416,441.76416,2984746
25-09-2013,441.61969,441.61969,436.165161,436.977112,436.977112,3310362
26-09-2013,437.510101,439.726807,435.866272,437.445343,437.445343,2529245
27-09-2013,435.776611,437.121552,434.028168,436.558685,436.558685,2527037
30-09-2013,432.917328,438.77536,432.533752,436.31958,436.31958,3457712
01-10-2013,438.481476,442.177612,438.381836,441.843872,441.843872,3382230
02-10-2013,439.716827,443.01944,437.270996,442.337006,442.337006,3001810
03-10-2013,442.34198,445.380615,434.421692,436.409241,436.409241,4249870
04-10-2013,435.866272,437.116577,433.37561,434.546204,434.546204,2726180
07-10-2013,432.105377,435.363159,430.441589,431.253571,431.253571,2596897
08-10-2013,431.044342,431.373108,424.224915,425.241089,425.241089,3901971
09-10-2013,426.541229,429.714325,419.916046,426.332001,426.332001,5322475
10-10-2013,430.307098,432.792786,428.498871,432.498901,432.498901,4527507
11-10-2013,431.39801,435.1091,431.034363,434.366882,434.366882,2828362
14-10-2013,431.711853,436.488922,431.079224,436.419189,436.419189,2496523
15-10-2013,436.244843,441.161407,435.368134,439.358185,439.358185,3195734
16-10-2013,441.280975,447.487701,440.354431,447.338257,447.338257,4030250
17-10-2013,444.827667,446.775391,441.211243,442.735504,442.735504,8545110
18-10-2013,486.466614,505.834015,485.181427,503.816559,503.816559,23219507
21-10-2013,503.841492,507.597412,497.908722,499.776703,499.776703,7283800
22-10-2013,500.623535,504.608612,496.035736,501.619812,501.619812,4433757
23-10-2013,498.631012,515.442993,498.446686,513.779236,513.779236,5346365
24-10-2013,514.008362,518.342102,510.486572,510.860168,510.860168,4199883
25-10-2013,512.489075,512.489075,503.482819,505.704498,505.704498,4076222
28-10-2013,505.704498,509.804138,504.603607,505.604858,505.604858,2326086
29-10-2013,507.647217,516.533875,504.857666,516.185181,516.185181,3222032
30-10-2013,516.778015,516.81781,511.08432,513.286072,513.286072,2658126
31-10-2013,512.543884,518.815369,510.07312,513.365784,513.365784,3292294
01-11-2013,513.968506,516.065674,510.636017,511.602386,511.602386,2576220
04-11-2013,513.824036,514.257446,509.10675,511.13913,511.13913,2286137
05-11-2013,508.269867,513.898804,506.810364,508.852692,508.852692,2371656
06-11-2013,510.885071,511.582458,505.789185,509.465393,509.465393,1832644
07-11-2013,509.39566,510.053192,501.938599,502.093018,502.093018,3371791
08-11-2013,502.491547,507.348328,502.367004,506.11795,506.11795,2591276
11-11-2013,502.870117,506.068146,502.11795,503.408112,503.408112,2233541
12-11-2013,501.968506,506.880096,500.623535,504.000885,504.000885,2445331
13-11-2013,501.49527,514.496521,501.370728,514.307251,514.307251,3170640
14-11-2013,515.029541,517.933655,513.251221,515.682068,515.682068,2342146
15-11-2013,515.502747,517.061951,513.231262,514.85022,514.85022,2562168
18-11-2013,515.941101,522.411865,512.698303,513.848938,513.848938,3532592
19-11-2013,513.933655,515.442993,509.614838,510.685822,510.685822,2271683
20-11-2013,513.051941,514.75061,508.274872,509.246216,509.246216,1934624
21-11-2013,511.582458,517.21637,511.08432,515.104248,515.104248,2191785
22-11-2013,514.780457,516.15033,512.688293,514.018311,514.018311,2517802
25-11-2013,516.643494,524.62854,515.577515,521.012146,521.012146,3238092
26-11-2013,522.342163,528.768066,519.522705,527.228821,527.228821,4589739
27-11-2013,529.032043,532.00592,528.020874,529.570068,529.570068,2255623
29-11-2013,529.096802,531.318481,527.746887,527.816589,527.816589,2394542
02-12-2013,529.769287,531.184021,523.418091,525.271179,525.271179,2756694
03-12-2013,523.512756,529.734436,522.551331,524.663452,524.663452,3364765
04-12-2013,523.721985,530.003418,523.03949,527.114258,527.114258,2392133
05-12-2013,526.626099,527.851501,523.582458,526.695801,526.695801,2275899
06-12-2013,532.897583,533.002197,528.060669,532.937439,532.937439,2868311
09-12-2013,533.4953,539.134216,532.015869,537.057007,537.057007,2976314
10-12-2013,536.065674,544.11554,535.81665,540.30481,540.30481,3721698
11-12-2013,541.669678,543.622375,535.577515,536.633545,536.633545,3436432
12-12-2013,537.769287,539.447998,532.504028,532.982239,532.982239,3204968
13-12-2013,535.692078,536.135437,526.969788,528.414368,528.414368,4341010
16-12-2013,530.013367,535.33844,529.022095,534.486633,534.486633,3216009
17-12-2013,534.406921,538.362061,532.19519,532.932434,532.932434,3082912
18-12-2013,533.923706,540.44928,527.542664,540.349609,540.349609,4437169
19-12-2013,538.367065,543.956116,537.525208,541.081909,541.081909,3343887
20-12-2013,542.117981,548.528992,541.968567,548.255005,548.255005,6547651
23-12-2013,551.851501,555.81665,550.496582,555.467957,555.467957,3456106
24-12-2013,555.403198,555.53772,551.981018,553.844055,553.844055,1473904
26-12-2013,554.924988,557.410706,552.274963,556.643555,556.643555,2685629
27-12-2013,557.908813,558.048279,554.392029,557.111816,557.111816,3151167
30-12-2013,558.078186,558.157898,552.439331,552.658508,552.658508,2481466
31-12-2013,554.043335,558.406982,551.064453,558.262512,558.262512,2725979
02-01-2014,555.647278,556.788025,552.06073,554.481689,554.481689,3656454
03-01-2014,555.418152,556.379578,550.401978,550.436829,550.436829,3345894
06-01-2014,554.42688,557.340942,551.154114,556.573853,556.573853,3551864
07-01-2014,560.399475,567.717041,558.486633,567.303589,567.303589,5124336
08-01-2014,570.860291,571.517822,564.528992,568.484192,568.484192,4501811
09-01-2014,569.585083,569.973572,560.678467,563.009705,563.009705,4184626
10-01-2014,567.413208,567.413208,559.029602,562.979797,562.979797,4303069
13-01-2014,561.131714,571.313599,556.499084,559.39325,559.39325,4855933
14-01-2014,566.850281,573.350952,561.938721,572.553955,572.553955,4983811
15-01-2014,574.342224,575.343445,569.759399,572.165405,572.165405,3915020
16-01-2014,572.40448,576.802979,571.856567,575.951172,575.951172,3380423
17-01-2014,576.265015,578.147949,569.963623,573.116821,573.116821,5422850
21-01-2014,578.297424,579.82666,573.500366,579.677246,579.677246,3974642
22-01-2014,581.12677,581.764404,577.266235,580.334778,580.334778,3154580
23-01-2014,577.834106,579.074463,575.029663,577.883972,577.883972,3912811
24-01-2014,573.355896,574.621155,559.403198,559.81665,559.81665,7814180
27-01-2014,560.947449,561.146667,539.114258,548.558838,548.558838,8739837
28-01-2014,553.086914,560.773071,552.897583,559.408203,559.408203,4436969
29-01-2014,557.470459,558.780579,547.657227,551.39325,551.39325,4777641
30-01-2014,570.362122,574.09314,561.520264,565.575073,565.575073,10220968
31-01-2014,583.487915,591.054565,573.41571,588.279968,588.279968,11174328
03-02-2014,587.398315,588.653564,563.891418,564.598755,564.598755,9172452
04-02-2014,566.870239,575.343445,566.38208,566.954895,566.954895,5644879
05-02-2014,569.555176,573.236389,561.90387,569.465515,569.465515,4806950
06-02-2014,573.41571,577.913818,571.632385,577.814209,577.814209,3907793
07-02-2014,581.634888,586.750732,578.113098,586.521545,586.521545,5292162
10-02-2014,583.712097,588.99231,582.327271,584.275024,584.275024,3904982
11-02-2014,587.88147,593.709656,583.916321,592.867798,592.867798,4116974
12-02-2014,592.279968,592.778137,588.484192,591.129272,591.129272,3461928
13-02-2014,588.17041,597.709656,587.627441,597.709656,597.709656,3686567
14-02-2014,595.572632,599.946228,594.172913,599.154236,599.154236,4389793
18-02-2014,598.461792,604.17041,597.75946,603.179138,603.179138,4233609
19-02-2014,600.399536,602.352234,596.514099,598.92511,598.92511,4222970
20-02-2014,599.323608,601.191589,597.869019,599.806763,599.806763,3414350
21-02-2014,601.649841,602.676025,599.174133,599.6474,599.6474,3738561
24-02-2014,600.429443,607.801819,600.299927,603.991089,603.991089,3361151
25-02-2014,605.699707,609.963684,602.950012,607.722107,607.722107,2888185
26-02-2014,609.714661,612.145508,604.61377,607.806763,607.806763,3979260
27-02-2014,606.920105,609.829224,606.232666,607.328613,607.328613,2529446
28-02-2014,607.891479,609.809265,600.857849,605.555237,605.555237,4644544
03-03-2014,601.121826,601.664795,593.844116,599.099426,599.099426,4225379
04-03-2014,605.231445,605.729553,602.491699,605.186584,605.186584,2946403
05-03-2014,605.256348,609.256348,603.443176,606.855347,606.855347,2479860
06-03-2014,608.857849,610.785645,607.024719,607.527832,607.527832,2545706
07-03-2014,611.109436,611.204041,603.458069,605.126831,605.126831,3041558
10-03-2014,605.575134,606.546509,599.796814,603.522827,603.522827,2438305
11-03-2014,604.618713,604.8927,596.085754,597.754456,597.754456,3438841
12-03-2014,595.966187,601.6698,589.883972,601.395813,601.395813,3943325
13-03-2014,601.719604,602.989868,590.167908,592.309875,592.309875,4708784
14-03-2014,588.788086,593.211487,584.075745,584.210266,584.210266,4604996
17-03-2014,587.423218,596.299927,586.855347,593.824219,593.824219,4340408
18-03-2014,595.104431,603.50293,594.302429,603.368408,603.368408,3643606
19-03-2014,603.63739,603.732056,594.974915,597.385864,597.385864,3237891
20-03-2014,597.734558,602.546509,595.44812,596.344727,596.344727,3382029
21-03-2014,600.902649,602.556458,589.017212,589.311096,589.311096,6441052
24-03-2014,589.883972,590.237671,570.835388,576.802979,576.802979,6096968
25-03-2014,580.822937,582.735779,571.358398,577.196533,577.196533,4838468
26-03-2014,578.835388,583.597534,563.637329,563.87146,563.87146,5179341
27-03-2014,566.444824,566.444824,551.406128,556.930969,556.930969,13136
28-03-2014,559.663452,564.87915,557.140381,558.456787,558.456787,41213
31-03-2014,565.337891,565.447571,555.405151,555.445007,555.445007,10830
01-04-2014,557.180237,566.893616,557.180237,565.607117,565.607117,7922
02-04-2014,598.347229,603.174011,560.650757,565.447571,565.447571,147103
03-04-2014,568.289734,585.672058,562.585449,568.180054,568.180054,5099161
04-04-2014,573.076599,576.188049,541.513245,541.652893,541.652893,6369339
07-04-2014,539.25946,546.978271,525.706665,536.676575,536.676575,4401652
08-04-2014,541.11438,553.480408,540.127075,553.380676,553.380676,3151228
09-04-2014,558.087769,563.822021,551.436035,562.595398,562.595398,3330820
10-04-2014,563.453064,563.453064,538.421753,539.468872,539.468872,4036853
11-04-2014,531.091858,538.521484,525.088379,529.147217,529.147217,3924846
14-04-2014,536.776306,542.610291,528.110046,531.061951,531.061951,2575050
15-04-2014,535.35022,536.975708,517.040466,534.971252,534.971252,3855055
16-04-2014,541.513245,555.474915,538.521484,555.016174,555.016174,4893298
17-04-2014,547.307373,547.995483,529.69574,534.632141,534.632141,6809544
21-04-2014,534.632141,535.23053,524.160889,527.172668,527.172668,2566728
22-04-2014,527.192566,535.759094,526.065674,533.345703,533.345703,2365376
23-04-2014,532.328491,532.408264,524.809143,525.497253,525.497253,2052319
24-04-2014,528.618652,530.194336,520.69043,523.722107,523.722107,1883156
25-04-2014,521.079407,523.263367,514.008789,514.766724,514.766724,2100351
28-04-2014,515.763977,517.180054,501.42334,515.73407,515.73407,3335533
29-04-2014,515.484741,528.010376,514.906311,526.255188,526.255188,2699090
30-04-2014,526.155457,526.554321,521.089355,525.218018,525.218018,1751195
01-05-2014,525.666809,531.470825,522.445618,529.895203,529.895203,1905517
02-05-2014,532.298584,532.537903,524.170898,526.484558,526.484558,1688523
05-05-2014,523.383057,527.451904,519.892639,526.364868,526.364868,1024104
06-05-2014,523.791931,525.367615,513.64978,513.729553,513.729553,1689025
07-05-2014,514.377747,515.26532,501.921967,508.563751,508.563751,3224328
08-05-2014,507.067841,515.813843,505.063354,509.600891,509.600891,2021334
09-05-2014,509.351563,518.476501,502.819519,517.309753,517.309753,2439479
12-05-2014,522.07666,528.738342,517.588989,528.469116,528.469116,1912536
13-05-2014,529.436462,534.602234,528.060181,531.630432,531.630432,1653427
14-05-2014,531.540649,531.540649,523.851746,525.208069,525.208069,1191763
15-05-2014,524.26062,524.430176,516.003296,518.556274,518.556274,1704367
16-05-2014,519.962463,520.371338,514.028748,519.204529,519.204529,1485267
19-05-2014,518.2771,528.329468,516.165894,527.411987,527.411987,1277799
20-05-2014,528.289551,534.761841,524.859009,528.319519,528.319519,1784787
21-05-2014,531.440918,537.706726,530.453613,537.464417,537.464417,1196275
22-05-2014,539.648376,546.100708,539.299377,543.567627,543.567627,1615824
23-05-2014,545.761597,552.124146,542.211365,551.186707,551.186707,1932190
27-05-2014,554.477661,564.450317,552.832214,564.400452,564.400452,2104161
28-05-2014,563.024231,566.285278,559.463989,560.142151,560.142151,1652023
29-05-2014,561.807556,562.45575,557.180237,558.546509,558.546509,1354108
30-05-2014,559.264526,559.813049,554.387939,558.357056,558.357056,1771149
02-06-2014,559.164795,559.364258,544.235779,552.41333,552.41333,1435029
03-06-2014,549.481384,550.827698,541.064514,543.447937,543.447937,1866611
04-06-2014,540.017395,547.10791,537.274902,543.168701,543.168701,1816473
05-06-2014,544.903992,553.430542,542.95929,552.383423,552.383423,1689125
06-06-2014,556.532043,556.532043,547.427063,554.806763,554.806763,1736755
09-06-2014,555.624512,561.358765,554.517578,560.580933,560.580933,1467518
10-06-2014,558.975342,562.056885,556.372498,559.015198,559.015198,1351701
11-06-2014,556.472229,558.347046,553.500366,557.309875,557.309875,1100112
12-06-2014,555.774109,556.462219,546.958313,549.840393,549.840393,1458493
13-06-2014,550.747925,550.787842,544.066284,550.249268,550.249268,1220542
16-06-2014,547.756165,548.115173,540.037354,542.789795,542.789795,1702562
17-06-2014,542.709961,543.826904,537.853333,541.523254,541.523254,1444555
18-06-2014,543.368164,552.044373,542.510559,551.854858,551.854858,1741769
19-06-2014,552.722473,553.480408,547.008179,553.380676,553.380676,2456827
20-06-2014,555.325378,556.053345,548.88501,554.83667,554.83667,4508344
23-06-2014,553.630005,563.453064,552.732483,563.403198,563.403198,1536808
24-06-2014,563.642517,571.078125,559.473938,563.074097,563.074097,2207143
25-06-2014,563.712341,578.37207,563.672424,577.065674,577.065674,1969392
26-06-2014,579.409241,580.855286,570.284302,574.422913,574.422913,1741969
27-06-2014,575.59967,578.282349,572.228943,575.659546,575.659546,2236925
30-06-2014,577.075623,577.983154,573.176331,573.704895,573.704895,1313797
01-07-2014,576.736572,582.799927,575.071167,581.074646,581.074646,1447965
02-07-2014,581.752808,583.837097,578.800903,580.740601,580.740601,1056392
03-07-2014,581.752808,583.408264,579.329468,583.129028,583.129028,714155
07-07-2014,582.161682,584.824341,578.003113,580.655823,580.655823,1064615
08-07-2014,576.078369,577.941284,564.584961,569.526367,569.526367,1909528
09-07-2014,570.015015,575.14093,567.817078,574.502686,574.502686,1116758
10-07-2014,564.360535,575.011292,563.463013,569.536316,569.536316,1356715
11-07-2014,570.344116,579.259644,569.855469,577.594238,577.594238,1621740
14-07-2014,581.004822,583.607727,576.447388,583.268616,583.268616,1854076
15-07-2014,584.13623,584.20105,574.981384,583.178894,583.178894,1623044
16-07-2014,586.390076,586.789001,580.605957,581.064697,581.064697,1397125
17-07-2014,577.943237,579.399231,567.053162,572.159119,572.159119,3016559
18-07-2014,591.376404,595.165955,580.406494,593.450684,593.450684,4014191
21-07-2014,590.129822,592.772522,583.630615,587.856018,587.856018,2062146
22-07-2014,589.1026,598.008179,588.982971,593.111633,593.111633,1699152
23-07-2014,591.605774,596.213074,590.877747,594.348206,594.348206,1233176
24-07-2014,594.816956,597.858582,590.149719,591.725403,591.725403,1035134
25-07-2014,588.783508,590.239502,585.422729,587.407288,587.407288,932453
28-07-2014,586.4599,590.877747,583.151978,588.982971,588.982971,986802
29-07-2014,587.138,588.085388,581.917358,584.006592,584.006592,1349896
30-07-2014,584.944031,587.885986,582.401001,585.811646,585.811646,1016483
31-07-2014,579.010315,582.052002,568.439331,570.034973,570.034973,2102757
01-08-2014,568.838257,574.383057,561.308899,564.520081,564.520081,1955253
04-08-2014,567.481995,573.774719,562.555481,571.58075,571.58075,1427308
05-08-2014,568.489197,570.41394,561.06958,563.522827,563.522827,1551247
06-08-2014,560.241882,569.137451,558.466736,564.823303,564.823303,1334353
07-08-2014,566.444824,568.329651,559.563721,561.817505,561.817505,1110942
08-08-2014,562.016968,568.68866,558.815796,567.212708,567.212708,1494793
11-08-2014,568.429382,568.927979,564.450317,566.325134,566.325134,1214726
12-08-2014,562.974365,564.350586,559.344299,561.18927,561.18927,1542022
13-08-2014,565.756714,573.425659,564.200989,573.206238,573.206238,1439241
14-08-2014,574.602417,576.317749,569.316956,573.076599,573.076599,985498
15-08-2014,576.277832,577.79364,568.957947,571.909851,571.909851,1519159
18-08-2014,574.532593,582.909607,574.422913,580.56604,580.56604,1284116
19-08-2014,583.398254,585.731873,582.401001,585.253174,585.253174,978680
20-08-2014,584.275879,585.093628,580.974915,582.889648,582.889648,1036739
21-08-2014,582.221497,582.899658,579.548828,581.772766,581.772766,914805
22-08-2014,581.992126,583.633606,579.050232,580.964966,580.964966,789060
25-08-2014,583.119019,583.398254,577.414734,578.61145,578.61145,1361428
26-08-2014,579.668518,580.207031,575.001343,576.277832,576.277832,1639689
27-08-2014,575.689453,576.906128,568.542053,569.436584,569.436584,1703364
28-08-2014,568.000549,571.680481,565.547302,567.641541,567.641541,1292940
29-08-2014,569.765686,570.473755,565.516357,570.034973,570.034973,1083767
02-09-2014,570.284302,576.247925,569.626099,575.749268,575.749268,1578422
03-09-2014,578.411987,581.393799,573.425659,576.357605,576.357605,1215127
04-09-2014,578.411987,584.395569,577.634094,580.386536,580.386536,1458193
05-09-2014,582.381104,584.944031,580.356628,584.475342,584.475342,1632369
08-09-2014,584.993896,590.149719,584.694702,588.105347,588.105347,1431018
09-09-2014,587.287598,587.387329,578.411987,579.419189,579.419189,1287224
10-09-2014,579.907837,581.902405,575.360352,581.503479,581.503479,977376
11-09-2014,578.770996,580.217041,574.68219,579.758301,579.758301,1221043
12-09-2014,579.409241,580.047485,572.887146,574.043945,574.043945,1601685
15-09-2014,571.371277,573.375793,566.654236,571.530884,571.530884,1597574
16-09-2014,571.191772,579.907837,571.092041,578.362122,578.362122,1480353
17-09-2014,578.421936,585.911377,577.190308,583.168884,583.168884,1692835
18-09-2014,585.392822,587.925842,583.398254,587.656616,587.656616,1444555
19-09-2014,589.880493,594.846863,587.885986,594.447937,594.447937,3736631
22-09-2014,592.194153,592.322754,581.862488,585.76178,585.76178,1689526
23-09-2014,585.243225,585.243225,579.409241,579.538879,579.538879,1471429
24-09-2014,579.867981,588.015625,578.930542,586.380066,586.380066,1728132
25-09-2014,585.941284,586.370117,572.60791,573.485474,573.485474,1925973
26-09-2014,574.482788,577.664001,573.086609,575.519897,575.519897,1443653
29-09-2014,570.18457,576.606934,569.60614,574.781921,574.781921,1282411
30-09-2014,575.350403,578.26239,571.281555,575.779175,575.779175,1621740
01-10-2014,574.432922,575.998596,565.45752,566.714111,566.714111,1445458
02-10-2014,565.756714,570.344116,561.777649,568.519104,568.519104,1178427
03-10-2014,571.481018,575.644592,570.932495,573.704895,573.704895,1141726
06-10-2014,577.215271,579.409241,572.867188,575.769226,575.769226,1214626
07-10-2014,572.827332,573.694946,562.196472,562.196472,562.196472,1911333
08-10-2014,564.021484,572.308716,555.963623,570.932495,570.932495,1990851
09-10-2014,569.616089,569.925293,557.529297,559.344299,559.344299,2524813
10-10-2014,556.192993,563.582703,542.560425,542.999207,542.999207,3081938
13-10-2014,543.497803,547.995483,531.640381,531.750061,531.750061,2581669
14-10-2014,537.4245,545.691833,531.710205,536.467102,536.467102,2222585
15-10-2014,529.556091,531.341187,516.88092,528.578796,528.578796,3719384
16-10-2014,517.578979,527.980408,513.589966,523.073914,523.073914,3708554
17-10-2014,525.806396,529.526184,507.137665,509.770416,509.770416,5539367
20-10-2014,508.055145,520.331421,506.708832,519.41394,519.41394,2607539
21-10-2014,523.752014,525.347656,517.68866,525.098328,525.098328,2336297
22-10-2014,528.439148,538.322021,527.352173,531.251465,531.251465,2919293
23-10-2014,537.843323,545.721741,534.382874,542.490601,542.490601,2348831
24-10-2014,542.869568,543.388123,534.322998,538.302063,538.302063,1973102
27-10-2014,535.559631,542.919434,535.559631,539.289368,539.289368,1185345
28-10-2014,541.513245,547.476929,540.137024,547.397095,547.397095,1270980
29-10-2014,548.49408,552.672607,545.482361,547.825928,547.825928,1770548
30-10-2014,547.44696,551.286438,542.021851,548.803284,548.803284,1455686
31-10-2014,557.818481,558.037903,553.231079,557.549255,557.549255,2035072
03-11-2014,553.979065,556.372498,551.715271,553.699829,553.699829,1382285
04-11-2014,551.485901,553.979065,547.796021,552.592834,552.592834,1244207
05-11-2014,555.275513,555.275513,542.560425,544.425293,544.425293,2032264
06-11-2014,544.006409,545.387634,539.488831,540.555908,540.555908,1333250
07-11-2014,544.714478,544.714478,537.195129,539.528748,539.528748,1633773
10-11-2014,539.977478,548.085205,539.538696,545.990967,545.990967,1134607
11-11-2014,546.98822,550.428772,544.80426,548.783325,548.783325,965544
12-11-2014,548.883057,548.95282,543.677307,545.811462,545.811462,1129693
13-11-2014,548.294678,548.294678,541.991943,543.88678,543.88678,1339367
14-11-2014,545.183228,545.183228,540.665588,542.909424,542.909424,1289531
17-11-2014,542.091675,542.301086,532.598755,535.041016,535.041016,1726026
18-11-2014,536.02832,540.456177,532.707458,533.565125,533.565125,1962674
19-11-2014,533.535156,536.766296,528.628662,535.519714,535.519714,1392212
20-11-2014,529.795471,533.644897,529.625916,533.365662,533.365662,1563381
21-11-2014,540.127075,540.65564,535.090881,536.02832,536.02832,2224290
24-11-2014,536.177917,541.214111,534.153503,537.793518,537.793518,1706372
25-11-2014,537.524231,542.490601,537.127319,539.598511,539.598511,1789901
26-11-2014,539.399109,540.067261,535.571594,538.890503,538.890503,1522970
28-11-2014,539.139771,540.515991,535.130798,540.346497,540.346497,1148344
01-12-2014,537.4245,539.927612,530.403748,532.33844,532.33844,2115392
02-12-2014,532.049255,534.033813,528.349426,532.288574,532.288574,1526680
03-12-2014,529.984924,534.528442,527.810913,529.865234,529.865234,1277999
04-12-2014,529.705688,535.868774,527.1427,535.838867,535.838867,1392112
05-12-2014,529.546143,531.430969,522.844543,523.821838,523.821838,2565625
08-12-2014,525.686707,529.546143,522.355896,525.537109,525.537109,2329378
09-12-2014,520.710388,532.727417,519.07489,531.909668,531.909668,1871324
10-12-2014,531.620422,534.861511,524.121033,524.619629,524.619629,1712288
11-12-2014,526.354919,532.45813,525.656799,526.893433,526.893433,1610810
12-12-2014,522.07666,527.052979,517.239929,517.239929,517.239929,1994561
15-12-2014,521.308777,521.667786,511.864685,512.39325,512.39325,2813403
16-12-2014,510.159363,511.645264,487.661133,494.03363,494.03363,3964254
17-12-2014,495.639221,505.611847,495.449738,503.507629,503.507629,2883194
18-12-2014,511.545563,512.463013,503.318146,509.700623,509.700623,2926713
19-12-2014,510.109497,516.30249,505.523071,514.936218,514.936218,3690204
22-12-2014,514.666992,525.018555,514.666992,523.432922,523.432922,2723758
23-12-2014,525.557068,533.096375,524.848999,529.137268,529.137268,2197617
24-12-2014,529.057495,530.30304,525.577026,527.322266,527.322266,705933
26-12-2014,527.322266,532.787231,525.866211,532.56781,532.56781,1040549
29-12-2014,530.732849,534.013855,528.559814,528.877991,528.877991,2278539
30-12-2014,526.644104,529.69574,525.686707,528.967712,528.967712,876299
31-12-2014,529.795471,531.141724,524.360352,524.95874,524.95874,1368246
02-01-2015,527.561584,529.815369,522.665039,523.373108,523.373108,1447563
05-01-2015,521.827332,522.894409,511.655243,512.463013,512.463013,2059840
06-01-2015,513.589966,514.761719,499.678131,500.585632,500.585632,2899940
07-01-2015,505.611847,505.855164,498.281952,499.727997,499.727997,2065054
08-01-2015,496.626526,502.101471,489.65564,501.30368,501.30368,3353582
09-01-2015,503.377991,503.537537,493.435272,494.811493,494.811493,2071371
12-01-2015,493.584869,494.618011,486.225067,491.201416,491.201416,2326771
13-01-2015,497.474182,501.602844,491.04184,494.821472,494.821472,2370490
14-01-2015,493.295654,501.852173,491.650177,499.498627,499.498627,2235721
15-01-2015,504.18576,504.295471,496.397156,500.416107,500.416107,2715836
16-01-2015,498.640991,506.798584,498.631012,506.688873,506.688873,2298293
20-01-2015,509.600891,511.096771,504.630524,505.512115,505.512115,2232011
21-01-2015,505.861145,517.858215,504.814026,516.621643,516.621643,2268712
22-01-2015,520.052185,534.861511,518.2771,532.926819,532.926819,2676929
23-01-2015,534.123535,540.685547,531.540649,538.471619,538.471619,2281747
26-01-2015,537.055542,537.524231,528.219788,533.744629,533.744629,1543727
27-01-2015,528.518921,529.246948,516.771179,517.210022,517.210022,1904013
28-01-2015,521.348633,521.558044,508.603638,508.603638,508.603638,1683810
29-01-2015,509.600891,509.690643,499.827728,509.26181,509.26181,4186362
30-01-2015,514.447571,538.391846,514.108521,533.056519,533.056519,5606350
02-02-2015,530.274109,531.540649,517.130249,527.03302,527.03302,2849803
03-02-2015,526.554321,531.939575,521.827332,527.790955,527.790955,2038682
04-02-2015,527.790955,531.213562,519.842773,521.328674,521.328674,1663655
05-02-2015,522.355896,527.052979,520.660522,526.135498,526.135498,1849765
06-02-2015,526.195313,535.729126,524.968689,529.546143,529.546143,1763529
09-02-2015,526.554321,530.543396,524.579773,526.384827,526.384827,1267771
10-02-2015,527.850769,536.227783,525.477295,535.469849,535.469849,1749891
11-02-2015,533.834351,536.975708,531.917603,534.502502,534.502502,1377772
12-02-2015,535.778992,543.328308,533.209045,541.443481,541.443481,1620236
13-02-2015,541.862305,548.404358,541.642944,547.506836,547.506836,1900303
17-02-2015,545.332764,548.49408,539.608521,541.353699,541.353699,1616827
18-02-2015,539.917664,543.99646,536.03833,538.22229,538.22229,1453079
19-02-2015,536.566833,541.622986,536.536926,541.383606,541.383606,989108
20-02-2015,541.642944,542.26123,534.333008,537.474365,537.474365,1444355
23-02-2015,534.582275,534.970215,527.96051,530.453613,530.453613,1457892
24-02-2015,528.548889,535.320251,526.80365,534.622192,534.622192,1005052
25-02-2015,534.432739,544.724487,533.978943,542.38092,542.38092,1826000
26-02-2015,541.722717,554.61731,540.017395,553.959106,553.959106,2311529
27-02-2015,552.722473,563.163818,551.386169,556.871094,556.871094,2410199
02-03-2015,558.9953,570.583435,557.220154,569.775696,569.775696,2129631
03-03-2015,568.888123,573.814575,564.968872,572.069397,572.069397,1704768
04-03-2015,570.30426,575.529907,566.454773,571.80011,571.80011,1876839
05-03-2015,573.445618,576.327698,571.840027,573.754761,573.754761,1389605
06-03-2015,573.305969,575.101074,565.208191,566.130676,566.130676,1659143
09-03-2015,565.307922,568.708618,561.992065,567.29248,567.29248,1062108
10-03-2015,562.705078,563.303467,553.211182,553.490417,553.490417,1792307
11-03-2015,553.620056,556.611816,549.172241,549.670898,549.670898,1820785
12-03-2015,551.994507,554.84668,548.95282,553.989014,553.989014,1389605
13-03-2015,551.984497,556.871094,542.729919,545.821472,545.821472,1703564
16-03-2015,549.441528,555.325378,544.505066,552.99176,552.99176,1640993
17-03-2015,550.199402,552.283691,546.499573,549.331787,549.331787,1805544
18-03-2015,550.987244,558.247314,545.502319,557.968079,557.968079,2134544
19-03-2015,557.858398,559.264526,554.622314,556.462219,556.462219,1197278
20-03-2015,560.112183,560.182007,557.519348,558.825745,558.825745,2616865
23-03-2015,558.895569,560.820251,554.308167,557.279968,557.279968,1643801
24-03-2015,561.019714,573.016785,559.673401,568.628845,568.628845,2583273
25-03-2015,568.937988,570.693176,557.210205,557.255066,557.255066,2152293
26-03-2015,556.063354,557.369751,549.142334,553.649963,553.649963,1572606
27-03-2015,551.485901,553.759644,546.629211,546.838684,546.838684,1897495
30-03-2015,550.10968,551.95459,546.669128,550.518555,550.518555,1287525
31-03-2015,548.49408,553.191223,545.223083,546.499573,546.499573,1588048
01-04-2015,547.097961,549.630981,538.022888,541.074463,541.074463,1963075
02-04-2015,539.369141,539.369141,532.385315,534.063721,534.063721,1716399
06-04-2015,530.762817,536.935852,528.120056,535.295349,535.295349,1324426
07-04-2015,536.60675,541.204102,534.532471,535.549622,535.549622,1302867
08-04-2015,536.905945,542.360962,536.905945,540.127075,540.127075,1178527
09-04-2015,539.548645,540.466125,534.023865,539.299377,539.299377,1557865
10-04-2015,540.805237,540.805237,535.838867,538.531433,538.531433,1409459
13-04-2015,536.935852,542.570374,535.838867,537.693787,537.693787,1645305
14-04-2015,534.781738,536.098145,526.646118,528.937805,528.937805,2604130
15-04-2015,527.252441,533.26593,521.787415,531.07196,531.07196,2318849
16-04-2015,528.449158,534.123535,528.159912,532.33844,532.33844,1299859
17-04-2015,527.212524,528.389282,519.583496,522.615173,522.615173,2151892
20-04-2015,524.160889,534.622192,523.063904,533.914124,533.914124,1679298
21-04-2015,536.03833,537.913147,532.213806,532.507996,532.507996,1844751
22-04-2015,532.936829,539.598511,530.294067,537.888245,537.888245,1593563
23-04-2015,539.518738,549.451477,538.750854,545.502319,545.502319,4184858
24-04-2015,564.550049,569.576233,555.724243,563.512878,563.512878,4932505
27-04-2015,563.390015,565.950012,553.200012,555.369995,555.369995,2398000
28-04-2015,554.640015,556.02002,550.366028,553.679993,553.679993,1491000
29-04-2015,550.469971,553.679993,546.905029,549.080017,549.080017,1698800
30-04-2015,547.869995,548.590027,535.049988,537.340027,537.340027,2082200
01-05-2015,538.429993,539.539978,532.099976,537.900024,537.900024,1768200
04-05-2015,538.530029,544.070007,535.059998,540.780029,540.780029,1308000
05-05-2015,538.210022,539.73999,530.390991,530.799988,530.799988,1383100
06-05-2015,531.23999,532.380005,521.085022,524.219971,524.219971,1567000
07-05-2015,523.98999,533.460022,521.75,530.700012,530.700012,1546300
08-05-2015,536.650024,541.150024,525,538.219971,538.219971,1527600
11-05-2015,538.369995,541.97998,535.400024,535.700012,535.700012,905300
12-05-2015,531.599976,533.208984,525.26001,529.039978,529.039978,1634200
13-05-2015,530.559998,534.322021,528.655029,529.619995,529.619995,1252300
14-05-2015,533.77002,539,532.409973,538.400024,538.400024,1403900
15-05-2015,539.179993,539.273987,530.380005,533.849976,533.849976,1971300
18-05-2015,532.01001,534.820007,528.849976,532.299988,532.299988,2003400
19-05-2015,533.97998,540.659973,533.039978,537.359985,537.359985,1966900
20-05-2015,538.48999,542.919983,532.971985,539.27002,539.27002,1430800
21-05-2015,537.950012,543.840027,535.97998,542.51001,542.51001,1462700
22-05-2015,540.150024,544.190002,539.51001,540.109985,540.109985,1176200
26-05-2015,538.119995,539,529.880005,532.320007,532.320007,2406500
27-05-2015,532.799988,540.549988,531.710022,539.789978,539.789978,1525000
28-05-2015,538.01001,540.609985,536.25,539.780029,539.780029,1029800
29-05-2015,537.369995,538.630005,531.450012,532.109985,532.109985,2597400
01-06-2015,536.789978,536.789978,529.76001,533.98999,533.98999,1904300
02-06-2015,532.929993,543,531.330017,539.179993,539.179993,1939000
03-06-2015,539.909973,543.5,537.109985,540.309998,540.309998,1717000
04-06-2015,537.76001,540.590027,534.320007,536.700012,536.700012,1348300
05-06-2015,536.349976,537.200012,532.52002,533.330017,533.330017,1388200
08-06-2015,533.309998,534.119995,526.23999,526.830017,526.830017,1520600
09-06-2015,527.559998,529.200012,523.01001,526.690002,526.690002,1455300
10-06-2015,529.359985,538.359985,529.349976,536.690002,536.690002,1815000
11-06-2015,538.424988,538.97998,533.02002,534.609985,534.609985,1217500
12-06-2015,531.599976,533.119995,530.159973,532.330017,532.330017,955800
15-06-2015,528,528.299988,524,527.200012,527.200012,1632700
16-06-2015,528.400024,529.640015,525.559998,528.150024,528.150024,1071800
17-06-2015,529.369995,530.97998,525.099976,529.26001,529.26001,1294200
18-06-2015,531,538.150024,530.789978,536.72998,536.72998,1833100
19-06-2015,537.210022,538.25,533.01001,536.690002,536.690002,1893500
22-06-2015,539.590027,543.73999,537.530029,538.190002,538.190002,1250300
23-06-2015,539.640015,541.499023,535.25,540.47998,540.47998,1197500
24-06-2015,540,540,535.659973,537.840027,537.840027,1286600
25-06-2015,538.869995,540.900024,535.22998,535.22998,535.22998,1335700
26-06-2015,537.26001,537.76001,531.349976,531.690002,531.690002,2109100
29-06-2015,525.01001,528.609985,520.539978,521.52002,521.52002,1937800
30-06-2015,526.02002,526.25,520.5,520.51001,520.51001,2217200
01-07-2015,524.72998,525.690002,518.22998,521.840027,521.840027,1961000
02-07-2015,521.080017,524.650024,521.080017,523.400024,523.400024,1235900
06-07-2015,519.5,525.25,519,522.859985,522.859985,1280500
07-07-2015,523.130005,526.179993,515.179993,525.02002,525.02002,1597200
08-07-2015,521.049988,522.734009,516.109985,516.830017,516.830017,1296700
09-07-2015,523.119995,523.77002,520.349976,520.679993,520.679993,1842300
10-07-2015,526.289978,532.559998,525.549988,530.130005,530.130005,1956700
13-07-2015,532.880005,547.109985,532.400024,546.549988,546.549988,2206500
14-07-2015,546.76001,565.848999,546.710022,561.099976,561.099976,3244100
15-07-2015,560.130005,566.502991,556.789978,560.219971,560.219971,1784600
16-07-2015,565.119995,580.679993,565,579.849976,579.849976,4768300
17-07-2015,649,674.468018,645,672.929993,672.929993,11164900
20-07-2015,659.23999,668.880005,653.01001,663.02002,663.02002,5860900
21-07-2015,655.210022,673,654.299988,662.299988,662.299988,3377200
22-07-2015,660.890015,678.640015,659,662.099976,662.099976,3929300
23-07-2015,661.27002,663.630005,641,644.280029,644.280029,3029100
24-07-2015,647,648.169983,622.52002,623.559998,623.559998,3625700
27-07-2015,621,634.299988,620.5,627.26001,627.26001,2675400
28-07-2015,632.830017,632.830017,623.309998,628,628,1727300
29-07-2015,628.799988,633.359985,622.650024,631.929993,631.929993,1575100
30-07-2015,630,635.219971,622.049988,632.590027,632.590027,1474200
31-07-2015,631.380005,632.909973,625.5,625.609985,625.609985,1706100
03-08-2015,625.340027,633.05603,625.340027,631.210022,631.210022,1304500
04-08-2015,628.419983,634.809998,627.159973,629.25,629.25,1490900
05-08-2015,634.330017,647.859985,633.159973,643.780029,643.780029,2334300
06-08-2015,645,645.379028,632.25,642.679993,642.679993,1572600
07-08-2015,640.22998,642.679993,629.710022,635.299988,635.299988,1403900
10-08-2015,639.47998,643.440002,631.249023,633.72998,633.72998,1809200
11-08-2015,669.200012,674.900024,654.27002,660.780029,660.780029,5029200
12-08-2015,663.080017,665,652.289978,659.559998,659.559998,2936700
13-08-2015,659.322021,664.5,651.661011,656.450012,656.450012,1810700
14-08-2015,655.01001,659.85498,652.659973,657.119995,657.119995,1072100
17-08-2015,656.799988,661.380005,651.23999,660.869995,660.869995,1051700
18-08-2015,661.900024,664,653.460022,656.130005,656.130005,1456100
19-08-2015,656.599976,667,654.190002,660.900024,660.900024,2134100
20-08-2015,655.460022,662.98999,642.900024,646.830017,646.830017,2855300
21-08-2015,639.780029,640.049988,612.330017,612.47998,612.47998,4265200
24-08-2015,573,599.330017,565.049988,589.609985,589.609985,5770300
25-08-2015,614.909973,617.450012,581.109985,582.059998,582.059998,3538000
26-08-2015,610.349976,631.710022,599.049988,628.619995,628.619995,4235900
27-08-2015,639.400024,643.590027,622,637.609985,637.609985,3491300
28-08-2015,632.820007,636.880005,624.559998,630.380005,630.380005,1978700
31-08-2015,627.539978,635.799988,617.679993,618.25,618.25,2176700
01-09-2015,602.359985,612.859985,594.099976,597.789978,597.789978,3702100
02-09-2015,605.590027,614.340027,599.710022,614.340027,614.340027,2575600
03-09-2015,617,619.710022,602.820984,606.25,606.25,1759600
04-09-2015,600,603.469971,595.25,600.700012,600.700012,2089000
08-09-2015,612.48999,616.309998,604.119995,614.659973,614.659973,2279500
09-09-2015,621.219971,626.52002,609.599976,612.719971,612.719971,1702100
10-09-2015,613.099976,624.159973,611.429993,621.349976,621.349976,1905300
11-09-2015,619.75,625.780029,617.419983,625.77002,625.77002,1373500
14-09-2015,625.700012,625.859985,619.429993,623.23999,623.23999,1702300
15-09-2015,626.700012,638.700012,623.780029,635.140015,635.140015,2084400
16-09-2015,635.469971,637.950012,632.320007,635.97998,635.97998,1286500
17-09-2015,637.789978,650.900024,635.02002,642.900024,642.900024,2274700
18-09-2015,636.789978,640,627.02002,629.25,629.25,5133400
21-09-2015,634.400024,636.48999,625.940002,635.440002,635.440002,1788500
22-09-2015,627,627.549988,615.429993,622.690002,622.690002,2562900
23-09-2015,622.049988,628.929993,620,622.359985,622.359985,1470900
24-09-2015,616.640015,627.320007,612.400024,625.799988,625.799988,2240100
25-09-2015,629.77002,629.77002,611,611.969971,611.969971,2174000
28-09-2015,610.340027,614.60498,589.380005,594.890015,594.890015,3127700
29-09-2015,597.280029,605,590.219971,594.969971,594.969971,2309500
30-09-2015,603.280029,608.76001,600.72998,608.419983,608.419983,2413400
01-10-2015,608.369995,612.090027,599.849976,611.289978,611.289978,1867600
02-10-2015,607.200012,627.340027,603.130005,626.909973,626.909973,2684800
05-10-2015,632,643.01001,627,641.469971,641.469971,1803600
06-10-2015,638.840027,649.25,636.530029,645.440002,645.440002,2166300
07-10-2015,649.23999,650.609009,632.150024,642.359985,642.359985,2092700
08-10-2015,641.359985,644.450012,625.559998,639.159973,639.159973,2182100
09-10-2015,640,645.98999,635.317993,643.609985,643.609985,1648700
12-10-2015,642.090027,648.5,639.01001,646.669983,646.669983,1275200
13-10-2015,643.150024,657.812012,643.150024,652.299988,652.299988,1807700
14-10-2015,653.210022,659.390015,648.849976,651.159973,651.159973,1415500
15-10-2015,654.659973,663.130005,654.460022,661.73999,661.73999,1885700
16-10-2015,664.109985,664.969971,657.200012,662.200012,662.200012,1611100
19-10-2015,661.179993,666.820007,659.580017,666.099976,666.099976,1477300
20-10-2015,664.039978,664.719971,644.195007,650.280029,650.280029,2498200
21-10-2015,654.150024,655.869995,641.72998,642.609985,642.609985,1791100
22-10-2015,646.700012,657.799988,644.01001,651.789978,651.789978,4071000
23-10-2015,727.5,730,701.5,702,702,6653900
26-10-2015,701.549988,719.150024,701.26001,712.780029,712.780029,2716600
27-10-2015,707.380005,713.619995,704.549988,708.48999,708.48999,2245800
28-10-2015,707.330017,712.97998,703.080017,712.950012,712.950012,2178900
29-10-2015,710.5,718.26001,710.01001,716.919983,716.919983,1456000
30-10-2015,715.72998,718,710.049988,710.809998,710.809998,1908800
02-11-2015,711.059998,721.619995,705.849976,721.109985,721.109985,1886300
03-11-2015,718.859985,724.650024,714.719971,722.159973,722.159973,1565400
04-11-2015,722,733.099976,721.900024,728.109985,728.109985,1706700
05-11-2015,729.469971,739.47998,729.469971,731.25,731.25,1861600
06-11-2015,731.5,735.409973,727.01001,733.76001,733.76001,1511600
09-11-2015,730.200012,734.710022,719.429993,724.890015,724.890015,2069800
10-11-2015,724.400024,730.590027,718.5,728.320007,728.320007,1608000
11-11-2015,732.460022,741,730.22998,735.400024,735.400024,1366400
12-11-2015,731,737.799988,728.64502,731.22998,731.22998,1837200
13-11-2015,729.169983,731.150024,716.72998,717,717,2075500
16-11-2015,715.599976,729.48999,711.330017,728.960022,728.960022,1905900
17-11-2015,729.289978,731.844971,723.026978,725.299988,725.299988,1510900
18-11-2015,727.580017,741.409973,727,740,740,1684300
19-11-2015,738.73999,742,737.429993,738.409973,738.409973,1327100
20-11-2015,746.530029,757.919983,743,756.599976,756.599976,2212300
23-11-2015,757.450012,762.708008,751.820007,755.97998,755.97998,1414500
24-11-2015,752,755.278992,737.630005,748.280029,748.280029,2333100
25-11-2015,748.140015,752,746.059998,748.150024,748.150024,1122100
27-11-2015,748.460022,753.409973,747.48999,750.26001,750.26001,838500
30-11-2015,748.809998,754.929993,741.27002,742.599976,742.599976,2097600
01-12-2015,747.109985,768.950012,746.700012,767.039978,767.039978,2134600
02-12-2015,768.900024,775.955017,758.960022,762.380005,762.380005,2230400
03-12-2015,766.01001,768.994995,745.630005,752.539978,752.539978,2590600
04-12-2015,753.099976,768.48999,750,766.809998,766.809998,2757300
07-12-2015,767.77002,768.72998,755.090027,763.25,763.25,1812300
08-12-2015,757.890015,764.799988,754.200012,762.369995,762.369995,1829500
09-12-2015,759.169983,764.22998,737.000977,751.609985,751.609985,2700000
10-12-2015,752.849976,755.849976,743.830017,749.460022,749.460022,1988400
11-12-2015,741.159973,745.710022,736.75,738.869995,738.869995,2224400
14-12-2015,741.789978,748.72998,724.169983,747.77002,747.77002,2412500
15-12-2015,753,758.080017,743.01001,743.400024,743.400024,2666200
16-12-2015,750,760.590027,739.434998,758.090027,758.090027,1993300
17-12-2015,762.419983,762.679993,749,749.429993,749.429993,1553400
18-12-2015,746.51001,754.130005,738.150024,739.309998,739.309998,3148700
21-12-2015,746.130005,750,740,747.77002,747.77002,1525700
22-12-2015,751.650024,754.849976,745.530029,750,750,1365400
23-12-2015,753.469971,754.210022,744,750.309998,750.309998,1565900
24-12-2015,749.549988,751.349976,746.619995,748.400024,748.400024,527200
28-12-2015,752.919983,762.98999,749.52002,762.51001,762.51001,1515300
29-12-2015,766.690002,779.97998,766.429993,776.599976,776.599976,1765000
30-12-2015,776.599976,777.599976,766.900024,771,771,1293300
31-12-2015,769.5,769.5,758.340027,758.880005,758.880005,1500900
04-01-2016,743,744.059998,731.257996,741.840027,741.840027,3272800
05-01-2016,746.450012,752,738.640015,742.580017,742.580017,1950700
06-01-2016,730,747.179993,728.919983,743.619995,743.619995,1947000
07-01-2016,730.309998,738.5,719.059998,726.390015,726.390015,2963700
08-01-2016,731.450012,733.22998,713,714.469971,714.469971,2450900
11-01-2016,716.609985,718.85498,703.539978,716.030029,716.030029,2090600
12-01-2016,721.679993,728.75,717.317017,726.070007,726.070007,2024500
13-01-2016,730.849976,734.73999,698.609985,700.559998,700.559998,2501700
14-01-2016,705.380005,721.924988,689.099976,714.719971,714.719971,2225800
15-01-2016,692.289978,706.73999,685.369995,694.450012,694.450012,3608100
19-01-2016,703.299988,709.97998,693.409973,701.789978,701.789978,2268100
20-01-2016,688.609985,706.849976,673.26001,698.450012,698.450012,3445000
21-01-2016,702.179993,719.190002,694.460022,706.590027,706.590027,2412200
22-01-2016,723.599976,728.130005,720.120972,725.25,725.25,2011800
25-01-2016,723.580017,729.679993,710.01001,711.669983,711.669983,1711700
26-01-2016,713.849976,718.280029,706.47998,713.039978,713.039978,1331700
27-01-2016,713.669983,718.234985,694.390015,699.98999,699.98999,2194200
28-01-2016,722.219971,733.690002,712.349976,730.960022,730.960022,2676400
29-01-2016,731.530029,744.98999,726.799988,742.950012,742.950012,3474300
01-02-2016,750.460022,757.859985,743.27002,752,752,5139200
02-02-2016,784.5,789.869995,764.650024,764.650024,764.650024,6348100
03-02-2016,770.219971,774.5,720.5,726.950012,726.950012,6171000
04-02-2016,722.809998,727,701.859985,708.01001,708.01001,5168700
05-02-2016,703.869995,703.98999,680.150024,683.570007,683.570007,5105700
08-02-2016,667.849976,684.030029,663.059998,682.73999,682.73999,4247400
09-02-2016,672.320007,699.900024,668.77002,678.109985,678.109985,3608900
10-02-2016,686.859985,701.309998,682.130005,684.119995,684.119995,2638000
11-02-2016,675,689.349976,668.867981,683.109985,683.109985,3024000
12-02-2016,690.26001,693.75,678.599976,682.400024,682.400024,2141400
16-02-2016,692.97998,698,685.049988,691,691,2520000
17-02-2016,698.090027,709.75,691.380005,708.400024,708.400024,2492600
18-02-2016,710,712.349976,696.030029,697.349976,697.349976,1883200
19-02-2016,695.030029,703.080994,694.049988,700.909973,700.909973,1589300
22-02-2016,707.450012,713.23999,702.51001,706.460022,706.460022,1949800
23-02-2016,701.450012,708.400024,693.580017,695.849976,695.849976,2009300
24-02-2016,688.919983,700,680.780029,699.559998,699.559998,1963600
25-02-2016,700.01001,705.97998,690.585022,705.75,705.75,1642200
26-02-2016,708.580017,713.429993,700.859985,705.070007,705.070007,2243500
29-02-2016,700.320007,710.890015,697.679993,697.77002,697.77002,2481100
01-03-2016,703.619995,718.809998,699.77002,718.809998,718.809998,2151400
02-03-2016,719,720,712,718.849976,718.849976,1629000
03-03-2016,718.679993,719.450012,706.02002,712.419983,712.419983,1958000
04-03-2016,714.98999,716.48999,706.02002,710.890015,710.890015,1972100
07-03-2016,706.900024,708.091003,686.900024,695.159973,695.159973,2985100
08-03-2016,688.590027,703.789978,685.340027,693.969971,693.969971,2076300
09-03-2016,698.469971,705.679993,694,705.23999,705.23999,1421500
10-03-2016,708.119995,716.440002,703.359985,712.820007,712.820007,2833500
11-03-2016,720,726.919983,717.125,726.820007,726.820007,1970800
14-03-2016,726.809998,735.5,725.150024,730.48999,730.48999,1718300
15-03-2016,726.919983,732.289978,724.77002,728.330017,728.330017,1721000
16-03-2016,726.369995,737.469971,724.51001,736.090027,736.090027,1624400
17-03-2016,736.450012,743.070007,736,737.780029,737.780029,1860800
18-03-2016,741.859985,742,731.830017,737.599976,737.599976,2980700
21-03-2016,736.5,742.5,733.515991,742.090027,742.090027,1836500
22-03-2016,737.460022,745,737.460022,740.75,740.75,1269700
23-03-2016,742.359985,745.719971,736.150024,738.059998,738.059998,1432100
24-03-2016,732.01001,737.747009,731,735.299988,735.299988,1594900
28-03-2016,736.789978,738.98999,732.5,733.530029,733.530029,1301300
29-03-2016,734.590027,747.25,728.76001,744.77002,744.77002,1903800
30-03-2016,750.099976,757.880005,748.73999,750.530029,750.530029,1782400
31-03-2016,749.25,750.849976,740.940002,744.950012,744.950012,1718800
01-04-2016,738.599976,750.340027,737,749.909973,749.909973,1576700
04-04-2016,750.059998,752.799988,742.429993,745.289978,745.289978,1134200
05-04-2016,738,742.799988,735.369995,737.799988,737.799988,1132300
06-04-2016,735.77002,746.23999,735.559998,745.690002,745.690002,1053700
07-04-2016,745.369995,747,736.280029,740.280029,740.280029,1453200
08-04-2016,743.969971,745.450012,735.549988,739.150024,739.150024,1290800
11-04-2016,743.02002,745,736.049988,736.099976,736.099976,1220100
12-04-2016,738,743.830017,731.01001,743.090027,743.090027,1353000
13-04-2016,749.159973,754.380005,744.260986,751.719971,751.719971,1707100
14-04-2016,754.01001,757.309998,752.705017,753.200012,753.200012,1135300
15-04-2016,753.97998,761,752.69397,759,759,1809300
18-04-2016,760.460022,768.049988,757.299988,766.609985,766.609985,1558800
19-04-2016,769.51001,769.900024,749.330017,753.929993,753.929993,2030500
20-04-2016,758,758.132019,750.01001,752.669983,752.669983,1529200
21-04-2016,755.380005,760.450012,749.549988,759.140015,759.140015,3060500
22-04-2016,726.299988,736.119995,713.609985,718.77002,718.77002,5951900
25-04-2016,716.099976,723.929993,715.590027,723.150024,723.150024,1959200
26-04-2016,725.419983,725.765991,703.026001,708.140015,708.140015,2744600
27-04-2016,707.289978,708.97998,692.36499,705.840027,705.840027,3098600
28-04-2016,708.26001,714.169983,689.549988,691.02002,691.02002,2867300
29-04-2016,690.700012,697.619995,689,693.01001,693.01001,2487700
02-05-2016,697.630005,700.640015,691,698.210022,698.210022,1645300
03-05-2016,696.869995,697.840027,692,692.359985,692.359985,1543800
04-05-2016,690.48999,699.75,689.01001,695.700012,695.700012,1693500
05-05-2016,697.700012,702.320007,695.719971,701.429993,701.429993,1683500
06-05-2016,698.380005,711.859985,698.106995,711.119995,711.119995,1829300
09-05-2016,712,718.710022,710,712.900024,712.900024,1510300
10-05-2016,716.75,723.5,715.719971,723.179993,723.179993,1569600
11-05-2016,723.409973,724.47998,712.799988,715.289978,715.289978,1692100
12-05-2016,717.059998,719.25,709,713.309998,713.309998,1360700
13-05-2016,711.929993,716.661987,709.26001,710.830017,710.830017,1314500
16-05-2016,709.130005,718.47998,705.650024,716.48999,716.48999,1317100
17-05-2016,715.98999,721.52002,704.109985,706.22998,706.22998,2001200
18-05-2016,703.669983,711.599976,700.630005,706.630005,706.630005,1766800
19-05-2016,702.359985,706,696.799988,700.320007,700.320007,1670200
20-05-2016,701.619995,714.580017,700.52002,709.73999,709.73999,1828400
23-05-2016,706.530029,711.478027,704.179993,704.23999,704.23999,1330700
24-05-2016,706.859985,720.969971,706.859985,720.090027,720.090027,1929500
25-05-2016,720.76001,727.51001,719.705017,725.27002,725.27002,1629200
26-05-2016,722.869995,728.330017,720.280029,724.119995,724.119995,1576300
27-05-2016,724.01001,733.935974,724,732.659973,732.659973,1975000
31-05-2016,731.73999,739.72998,731.26001,735.719971,735.719971,2129500
01-06-2016,734.530029,737.210022,730.659973,734.150024,734.150024,1253600
02-06-2016,732.5,733.02002,724.169983,730.400024,730.400024,1341800
03-06-2016,729.27002,729.48999,720.559998,722.340027,722.340027,1226300
06-06-2016,724.909973,724.909973,714.609985,716.549988,716.549988,1565300
07-06-2016,719.840027,721.97998,716.549988,716.650024,716.650024,1336200
08-06-2016,723.960022,728.570007,720.580017,728.280029,728.280029,1583700
09-06-2016,722.869995,729.539978,722.335999,728.580017,728.580017,988900
10-06-2016,719.469971,725.890015,716.429993,719.409973,719.409973,1216400
13-06-2016,716.51001,725.440002,716.51001,718.359985,718.359985,1258900
14-06-2016,716.47998,722.469971,713.119995,718.27002,718.27002,1306100
15-06-2016,719,722.97998,717.309998,718.919983,718.919983,1214500
16-06-2016,714.909973,716.650024,703.26001,710.359985,710.359985,1982500
17-06-2016,708.650024,708.820007,688.452026,691.719971,691.719971,3402400
20-06-2016,698.77002,702.47998,693.409973,693.710022,693.710022,2082500
21-06-2016,698.400024,702.77002,692.01001,695.940002,695.940002,1465600
22-06-2016,699.059998,700.859985,693.08197,697.460022,697.460022,1184300
23-06-2016,697.450012,701.950012,687,701.869995,701.869995,2171400
24-06-2016,675.169983,689.400024,673.450012,675.219971,675.219971,4449000
27-06-2016,671,672.299988,663.283997,668.26001,668.26001,2629000
28-06-2016,678.969971,680.330017,673,680.039978,680.039978,2173800
29-06-2016,683,687.429016,681.409973,684.109985,684.109985,1932600
30-06-2016,685.469971,692.320007,683.650024,692.099976,692.099976,1597700
01-07-2016,692.200012,700.650024,692.130005,699.210022,699.210022,1344700
05-07-2016,696.059998,696.940002,688.880005,694.950012,694.950012,1462600
06-07-2016,689.97998,701.679993,689.090027,697.77002,697.77002,1411900
07-07-2016,698.080017,698.200012,688.215027,695.359985,695.359985,1304200
08-07-2016,699.5,705.710022,696.434998,705.630005,705.630005,1575200
11-07-2016,708.049988,716.51001,707.23999,715.090027,715.090027,1111800
12-07-2016,719.119995,722.940002,715.909973,720.640015,720.640015,1336900
13-07-2016,723.619995,724,716.849976,716.97998,716.97998,935900
14-07-2016,721.580017,722.210022,718.030029,720.950012,720.950012,950200
15-07-2016,725.72998,725.73999,719.054993,719.849976,719.849976,1279300
18-07-2016,722.710022,736.130005,721.190002,733.780029,733.780029,1295500
19-07-2016,729.890015,736.98999,729,736.960022,736.960022,1227500
20-07-2016,737.330017,742.130005,737.099976,741.190002,741.190002,1289700
21-07-2016,740.359985,741.690002,735.830994,738.630005,738.630005,1026300
22-07-2016,741.859985,743.23999,736.559998,742.73999,742.73999,1259800
25-07-2016,740.669983,742.609985,737.5,739.77002,739.77002,1032400
26-07-2016,739.039978,741.690002,734.27002,738.419983,738.419983,1186700
27-07-2016,738.280029,744.460022,737,741.77002,741.77002,1512500
28-07-2016,747.039978,748.650024,739.299988,745.909973,745.909973,3530200
29-07-2016,772.710022,778.549988,766.77002,768.789978,768.789978,3841500
01-08-2016,761.090027,780.429993,761.090027,772.880005,772.880005,2700500
02-08-2016,768.690002,775.840027,767.849976,771.070007,771.070007,1784500
03-08-2016,767.179993,773.210022,766.820007,773.179993,773.179993,1287400
04-08-2016,772.219971,774.070007,768.794983,771.609985,771.609985,1140300
05-08-2016,773.780029,783.039978,772.340027,782.219971,782.219971,1801200
08-08-2016,782,782.630005,778.091003,781.76001,781.76001,1107900
09-08-2016,781.099976,788.940002,780.570007,784.26001,784.26001,1318900
10-08-2016,783.75,786.812012,782.778015,784.679993,784.679993,786400
11-08-2016,785,789.75,782.969971,784.849976,784.849976,975100
12-08-2016,781.5,783.39502,780.400024,783.219971,783.219971,740500
15-08-2016,783.75,787.48999,780.109985,782.440002,782.440002,938200
16-08-2016,780.299988,780.97998,773.44397,777.140015,777.140015,1028000
17-08-2016,777.320007,780.809998,773.530029,779.909973,779.909973,924200
18-08-2016,780.01001,782.859985,777,777.5,777.5,719400
19-08-2016,775,777.099976,773.130005,775.419983,775.419983,861500
22-08-2016,773.27002,774.539978,770.049988,772.150024,772.150024,951400
23-08-2016,775.47998,776.440002,771.784973,772.080017,772.080017,928200
24-08-2016,770.580017,774.5,767.070007,769.640015,769.640015,1072000
25-08-2016,767,771.890015,763.184998,769.409973,769.409973,926900
26-08-2016,769,776.080017,765.849976,769.539978,769.539978,1166700
29-08-2016,768.73999,774.98999,766.61499,772.150024,772.150024,847600
30-08-2016,769.330017,774.466003,766.840027,769.090027,769.090027,1130000
31-08-2016,767.01001,769.090027,765.380005,767.049988,767.049988,1248600
01-09-2016,769.25,771.02002,764.299988,768.780029,768.780029,925100
02-09-2016,773.01001,773.919983,768.409973,771.460022,771.460022,1072700
06-09-2016,773.450012,782,771,780.080017,780.080017,1442800
07-09-2016,780,782.72998,776.200012,780.349976,780.349976,893700
08-09-2016,778.590027,780.349976,773.580017,775.320007,775.320007,1270300
09-09-2016,770.099976,773.244995,759.659973,759.659973,759.659973,1885500
12-09-2016,755.130005,770.289978,754,769.02002,769.02002,1311000
13-09-2016,764.47998,766.219971,755.799988,759.690002,759.690002,1395000
14-09-2016,759.609985,767.679993,759.109985,762.48999,762.48999,1087400
15-09-2016,762.890015,773.799988,759.960022,771.76001,771.76001,1305100
16-09-2016,769.75,769.75,764.659973,768.880005,768.880005,2049300
19-09-2016,772.419983,774,764.440979,765.700012,765.700012,1172800
20-09-2016,769,773.330017,768.530029,771.409973,771.409973,978600
21-09-2016,772.659973,777.159973,768.301025,776.219971,776.219971,1167800
22-09-2016,780,789.849976,778.440002,787.210022,787.210022,1486200
23-09-2016,786.590027,788.929993,784.150024,786.900024,786.900024,1411900
26-09-2016,782.73999,782.73999,773.070007,774.210022,774.210022,1533200
27-09-2016,775.5,785.98999,774.307983,783.01001,783.01001,1153200
28-09-2016,777.849976,781.809998,774.969971,781.559998,781.559998,1109800
29-09-2016,781.440002,785.799988,774.231995,775.01001,775.01001,1314700
30-09-2016,776.330017,780.940002,774.090027,777.289978,777.289978,1585300
03-10-2016,774.25,776.065002,769.5,772.559998,772.559998,1278800
04-10-2016,776.030029,778.710022,772.890015,776.429993,776.429993,1201400
05-10-2016,779.309998,782.070007,775.650024,776.469971,776.469971,1461200
06-10-2016,779,780.47998,775.539978,776.859985,776.859985,1070700
07-10-2016,779.659973,779.659973,770.75,775.080017,775.080017,933200
10-10-2016,777.710022,789.380005,775.869995,785.940002,785.940002,1174900
11-10-2016,786.659973,792.280029,780.580017,783.070007,783.070007,1372500
12-10-2016,783.76001,788.130005,782.059998,786.140015,786.140015,937400
13-10-2016,781.219971,781.219971,773,778.190002,778.190002,1365300
14-10-2016,781.650024,783.950012,776,778.530029,778.530029,852500
17-10-2016,779.799988,785.849976,777.5,779.960022,779.960022,1093000
18-10-2016,787.849976,801.609985,785.565002,795.26001,795.26001,2056900
19-10-2016,798.23999,804.599976,798.030029,801.5,801.5,1766800
20-10-2016,803.299988,803.969971,796.030029,796.969971,796.969971,1757500
21-10-2016,795,799.5,794,799.369995,799.369995,1266200
24-10-2016,804.900024,815.179993,804.820007,813.109985,813.109985,1697500
25-10-2016,816.679993,816.679993,805.140015,807.669983,807.669983,1576400
26-10-2016,806.340027,806.97998,796.320007,799.070007,799.070007,1647700
27-10-2016,801,803.48999,791.5,795.349976,795.349976,2749200
28-10-2016,808.349976,815.48999,793.590027,795.369995,795.369995,4269900
31-10-2016,795.469971,796.859985,784,784.539978,784.539978,2427300
01-11-2016,782.890015,789.48999,775.539978,783.609985,783.609985,2406400
02-11-2016,778.200012,781.650024,763.450012,768.700012,768.700012,1872400
03-11-2016,767.25,769.950012,759.030029,762.130005,762.130005,1943200
04-11-2016,750.659973,770.359985,750.560974,762.02002,762.02002,2134800
07-11-2016,774.5,785.190002,772.549988,782.52002,782.52002,1585100
08-11-2016,783.400024,795.632996,780.190002,790.51001,790.51001,1366900
09-11-2016,779.940002,791.22699,771.669983,785.309998,785.309998,2607100
10-11-2016,791.169983,791.169983,752.179993,762.559998,762.559998,4745200
11-11-2016,756.539978,760.780029,750.380005,754.02002,754.02002,2431800
14-11-2016,755.599976,757.849976,727.539978,736.080017,736.080017,3654400
15-11-2016,746.969971,764.416016,746.969971,758.48999,758.48999,2384000
16-11-2016,755.200012,766.359985,750.51001,764.47998,764.47998,1472600
17-11-2016,766.919983,772.700012,764.22998,771.22998,771.22998,1304000
18-11-2016,771.369995,775,760,760.539978,760.539978,1547100
21-11-2016,762.609985,769.700012,760.599976,769.200012,769.200012,1330600
22-11-2016,772.630005,776.960022,767,768.27002,768.27002,1593100
23-11-2016,767.72998,768.28302,755.25,760.98999,760.98999,1478400
25-11-2016,764.26001,765,760.52002,761.679993,761.679993,587400
28-11-2016,760,779.530029,759.799988,768.23999,768.23999,2188200
29-11-2016,771.530029,778.5,768.23999,770.840027,770.840027,1616600
30-11-2016,770.070007,772.98999,754.830017,758.039978,758.039978,2392900
01-12-2016,757.440002,759.849976,737.025024,747.919983,747.919983,3017900
02-12-2016,744.590027,754,743.099976,750.5,750.5,1452500
05-12-2016,757.710022,763.900024,752.900024,762.52002,762.52002,1394200
06-12-2016,764.72998,768.830017,757.340027,759.109985,759.109985,1690700
07-12-2016,761,771.359985,755.799988,771.190002,771.190002,1761000
08-12-2016,772.47998,778.179993,767.22998,776.419983,776.419983,1488100
09-12-2016,780,789.429993,779.020996,789.289978,789.289978,1821900
12-12-2016,785.039978,791.25,784.35498,789.27002,789.27002,2104100
13-12-2016,793.900024,804.380005,793.340027,796.099976,796.099976,2145200
14-12-2016,797.400024,804,794.01001,797.070007,797.070007,1704200
15-12-2016,797.340027,803,792.919983,797.849976,797.849976,1626500
16-12-2016,800.400024,800.856018,790.289978,790.799988,790.799988,2443800
19-12-2016,790.219971,797.659973,786.27002,794.200012,794.200012,1232100
20-12-2016,796.76001,798.650024,793.27002,796.419983,796.419983,951000
21-12-2016,795.840027,796.676025,787.099976,794.559998,794.559998,1211300
22-12-2016,792.359985,793.320007,788.580017,791.26001,791.26001,972200
23-12-2016,790.900024,792.73999,787.280029,789.909973,789.909973,623400
27-12-2016,790.679993,797.859985,787.656982,791.549988,791.549988,789100
28-12-2016,793.700012,794.22998,783.200012,785.049988,785.049988,1153800
29-12-2016,783.330017,785.929993,778.919983,782.789978,782.789978,744300
30-12-2016,782.75,782.780029,770.409973,771.820007,771.820007,1770000
03-01-2017,778.809998,789.630005,775.799988,786.140015,786.140015,1657300
04-01-2017,788.359985,791.340027,783.159973,786.900024,786.900024,1073000
05-01-2017,786.080017,794.47998,785.02002,794.02002,794.02002,1335200
06-01-2017,795.26001,807.900024,792.203979,806.150024,806.150024,1640200
09-01-2017,806.400024,809.966003,802.830017,806.650024,806.650024,1274600
10-01-2017,807.859985,809.130005,803.51001,804.789978,804.789978,1176800
11-01-2017,805,808.150024,801.369995,807.909973,807.909973,1065900
12-01-2017,807.140015,807.390015,799.169983,806.359985,806.359985,1353100
13-01-2017,807.47998,811.223999,806.690002,807.880005,807.880005,1099200
17-01-2017,807.080017,807.140015,800.369995,804.609985,804.609985,1362100
18-01-2017,805.809998,806.205017,800.98999,806.070007,806.070007,1294400
19-01-2017,805.119995,809.47998,801.799988,802.174988,802.174988,919300
20-01-2017,806.909973,806.909973,801.690002,805.02002,805.02002,1670000
23-01-2017,807.25,820.869995,803.73999,819.309998,819.309998,1963600
24-01-2017,822.299988,825.900024,817.820984,823.869995,823.869995,1474000
25-01-2017,829.619995,835.77002,825.059998,835.669983,835.669983,1494500
26-01-2017,837.809998,838,827.01001,832.150024,832.150024,2973900
27-01-2017,834.710022,841.950012,820.440002,823.309998,823.309998,2965800
30-01-2017,814.659973,815.840027,799.799988,802.320007,802.320007,3246600
31-01-2017,796.859985,801.25,790.52002,796.789978,796.789978,2160600
01-02-2017,799.679993,801.190002,791.190002,795.695007,795.695007,2029700
02-02-2017,793.799988,802.700012,792,798.530029,798.530029,1532100
03-02-2017,802.98999,806,800.369995,801.48999,801.48999,1463400
06-02-2017,799.700012,801.669983,795.25,801.340027,801.340027,1184500
07-02-2017,803.98999,810.5,801.780029,806.969971,806.969971,1241200
08-02-2017,807,811.840027,803.190002,808.380005,808.380005,1155300
09-02-2017,809.51001,810.659973,804.539978,809.559998,809.559998,989700
10-02-2017,811.700012,815.25,809.780029,813.669983,813.669983,1135000
